{
  "val": {
    "full_current_original": {
      "mean_iou": 0.9837061446514938,
      "median_iou": 0.9885416428418723,
      "corner_error_px": 1.0420547723770142,
      "corner_error_p95_px": 2.6295092940330496,
      "corner_error_min_px": 0.0025119599886238575,
      "corner_error_max_px": 124.24837493896484,
      "recall_50": 0.9998688524590164,
      "recall_75": 0.9980327868852459,
      "recall_90": 0.9897704918032787,
      "recall_95": 0.9657704918032787,
      "recall_99": 0.39147540983606555,
      "num_iou_lt_90": 78,
      "num_iou_lt_95": 261,
      "num_iou_lt_99": 4640,
      "num_err_gt_10": 33,
      "num_err_gt_20": 12,
      "num_err_gt_50": 0,
      "cls_accuracy": 0.9996529786003471,
      "cls_precision": 0.999737739312877,
      "cls_recall": 0.9998688524590164,
      "cls_f1": 0.999803291587437,
      "num_samples": 8645,
      "num_with_doc": 7625,
      "cls_tp": 7624,
      "cls_fp": 2,
      "cls_tn": 1018,
      "cls_fn": 1
    },
    "full_current_int8": {
      "mean_iou": 0.9822260479919459,
      "median_iou": 0.9875096500211632,
      "corner_error_px": 1.1295255422592163,
      "corner_error_p95_px": 2.954729557037352,
      "corner_error_min_px": 0.0036917757242918015,
      "corner_error_max_px": 125.6859130859375,
      "recall_50": 0.9998688524590164,
      "recall_75": 0.9980327868852459,
      "recall_90": 0.9863606557377049,
      "recall_95": 0.9597377049180328,
      "recall_99": 0.34518032786885244,
      "num_iou_lt_90": 104,
      "num_iou_lt_95": 307,
      "num_iou_lt_99": 4993,
      "num_err_gt_10": 40,
      "num_err_gt_20": 10,
      "num_err_gt_50": 0,
      "cls_accuracy": 0.9995373048004627,
      "cls_precision": 0.9994756848866169,
      "cls_recall": 1.0,
      "cls_f1": 0.999737773698702,
      "num_samples": 8645,
      "num_with_doc": 7625,
      "cls_tp": 7625,
      "cls_fp": 4,
      "cls_tn": 1016,
      "cls_fn": 0
    },
    "full_sourcebalance_original": {
      "mean_iou": 0.9838700455460849,
      "median_iou": 0.9884479892181058,
      "corner_error_px": 1.0233831405639648,
      "corner_error_p95_px": 2.6291921377181984,
      "corner_error_min_px": 0.0017443973338231444,
      "corner_error_max_px": 116.19048309326172,
      "recall_50": 1.0,
      "recall_75": 0.9989508196721312,
      "recall_90": 0.990688524590164,
      "recall_95": 0.9655081967213115,
      "recall_99": 0.3851803278688525,
      "num_iou_lt_90": 71,
      "num_iou_lt_95": 263,
      "num_iou_lt_99": 4688,
      "num_err_gt_10": 29,
      "num_err_gt_20": 4,
      "num_err_gt_50": 0,
      "cls_accuracy": 1.0,
      "cls_precision": 1.0,
      "cls_recall": 1.0,
      "cls_f1": 1.0,
      "num_samples": 8645,
      "num_with_doc": 7625,
      "cls_tp": 7625,
      "cls_fp": 0,
      "cls_tn": 1020,
      "cls_fn": 0
    },
    "full_sourcebalance_int8": {
      "mean_iou": 0.9820393501549198,
      "median_iou": 0.9864391785428256,
      "corner_error_px": 1.1067588329315186,
      "corner_error_p95_px": 2.8186627864837632,
      "corner_error_min_px": 0.0024933533277362585,
      "corner_error_max_px": 111.02075958251953,
      "recall_50": 1.0,
      "recall_75": 0.9988196721311475,
      "recall_90": 0.9884590163934426,
      "recall_95": 0.9609180327868853,
      "recall_99": 0.3019016393442623,
      "num_iou_lt_90": 88,
      "num_iou_lt_95": 298,
      "num_iou_lt_99": 5323,
      "num_err_gt_10": 29,
      "num_err_gt_20": 3,
      "num_err_gt_50": 0,
      "cls_accuracy": 0.9997686524002314,
      "cls_precision": 1.0,
      "cls_recall": 0.9997377049180328,
      "cls_f1": 0.9998688352570828,
      "num_samples": 8645,
      "num_with_doc": 7625,
      "cls_tp": 7623,
      "cls_fp": 0,
      "cls_tn": 1020,
      "cls_fn": 2
    },
    "num_samples_seen": 8645
  },
  "test": {
    "full_current_original": {
      "mean_iou": 0.864289039307,
      "median_iou": 0.9569107603028164,
      "corner_error_px": 8.532980918884277,
      "corner_error_p95_px": 46.98028469085691,
      "corner_error_min_px": 0.0064833019860088825,
      "corner_error_max_px": 179.1876983642578,
      "recall_50": 0.927037163314013,
      "recall_75": 0.8073644732355949,
      "recall_90": 0.662291169451074,
      "recall_95": 0.5282986703034436,
      "recall_99": 0.13296965564268667,
      "num_iou_lt_90": 1981,
      "num_iou_lt_95": 2767,
      "num_iou_lt_99": 5086,
      "num_err_gt_10": 1454,
      "num_err_gt_20": 857,
      "num_err_gt_50": 134,
      "cls_accuracy": 0.9753457606734817,
      "cls_precision": 0.9998246844319776,
      "cls_recall": 0.9722127514490283,
      "cls_f1": 0.9858254105445117,
      "num_samples": 6652,
      "num_with_doc": 5866,
      "cls_tp": 5703,
      "cls_fp": 1,
      "cls_tn": 785,
      "cls_fn": 163
    },
    "full_current_int8": {
      "mean_iou": 0.8616220177034787,
      "median_iou": 0.9547449406576041,
      "corner_error_px": 8.705254554748535,
      "corner_error_p95_px": 48.238057518005355,
      "corner_error_min_px": 0.005647813435643911,
      "corner_error_max_px": 173.07398986816406,
      "recall_50": 0.9268666893965223,
      "recall_75": 0.8061711558131606,
      "recall_90": 0.6549607909989772,
      "recall_95": 0.5182407091714968,
      "recall_99": 0.119672690078418,
      "num_iou_lt_90": 2024,
      "num_iou_lt_95": 2826,
      "num_iou_lt_99": 5164,
      "num_err_gt_10": 1473,
      "num_err_gt_20": 870,
      "num_err_gt_50": 138,
      "cls_accuracy": 0.9776007215874924,
      "cls_precision": 0.999475799405906,
      "cls_recall": 0.975110808046369,
      "cls_f1": 0.9871429804124601,
      "num_samples": 6652,
      "num_with_doc": 5866,
      "cls_tp": 5720,
      "cls_fp": 3,
      "cls_tn": 783,
      "cls_fn": 146
    },
    "full_sourcebalance_original": {
      "mean_iou": 0.8700716303092911,
      "median_iou": 0.9572316227991997,
      "corner_error_px": 8.179123878479004,
      "corner_error_p95_px": 44.97303142547607,
      "corner_error_min_px": 0.0036310788709670305,
      "corner_error_max_px": 165.41702270507812,
      "recall_50": 0.9352199113535629,
      "recall_75": 0.8201500170473918,
      "recall_90": 0.667746334810774,
      "recall_95": 0.5311967269007842,
      "recall_99": 0.12990112512785543,
      "num_iou_lt_90": 1949,
      "num_iou_lt_95": 2750,
      "num_iou_lt_99": 5104,
      "num_err_gt_10": 1421,
      "num_err_gt_20": 808,
      "num_err_gt_50": 103,
      "cls_accuracy": 0.9747444377630787,
      "cls_precision": 0.9998245614035087,
      "cls_recall": 0.9715308557790658,
      "cls_f1": 0.9854746671277883,
      "num_samples": 6652,
      "num_with_doc": 5866,
      "cls_tp": 5699,
      "cls_fp": 1,
      "cls_tn": 785,
      "cls_fn": 167
    },
    "full_sourcebalance_int8": {
      "mean_iou": 0.8689969025109519,
      "median_iou": 0.9556433029042102,
      "corner_error_px": 8.19114875793457,
      "corner_error_p95_px": 44.90737648010253,
      "corner_error_min_px": 0.0033035629894584417,
      "corner_error_max_px": 163.98497009277344,
      "recall_50": 0.9341970678486191,
      "recall_75": 0.8220252301397886,
      "recall_90": 0.6685987043982271,
      "recall_95": 0.5247187180361405,
      "recall_99": 0.10450051142175247,
      "num_iou_lt_90": 1944,
      "num_iou_lt_95": 2788,
      "num_iou_lt_99": 5253,
      "num_err_gt_10": 1411,
      "num_err_gt_20": 786,
      "num_err_gt_50": 107,
      "cls_accuracy": 0.9771497294046904,
      "cls_precision": 0.9998250524842547,
      "cls_recall": 0.9742584384589158,
      "cls_f1": 0.9868761871870144,
      "num_samples": 6652,
      "num_with_doc": 5866,
      "cls_tp": 5715,
      "cls_fp": 1,
      "cls_tn": 785,
      "cls_fn": 151
    },
    "num_samples_seen": 6652
  }
}